<?xml version="1.0" encoding="UTF-8"?>
<beans xmlns="http://www.springframework.org/schema/beans"
	xmlns:xsi="http://www.w3.org/2001/XMLSchema-instance"
	xmlns:context="http://www.springframework.org/schema/context"
	xmlns:mvc="http://www.springframework.org/schema/mvc"
	xsi:schemaLocation="http://www.springframework.org/schema/mvc http://www.springframework.org/schema/mvc/spring-mvc-3.2.xsd
		http://www.springframework.org/schema/beans http://www.springframework.org/schema/beans/spring-beans-3.2.xsd
		http://www.springframework.org/schema/context http://www.springframework.org/schema/context/spring-context-3.2.xsd">



    

    <context:component-scan base-package="co.edureka.controller">
	</context:component-scan>
	
	<mvc:annotation-driven></mvc:annotation-driven>


	<bean id="tilesViewResolver"
		class="org.springframework.web.servlet.view.tiles2.TilesViewResolver">
	</bean>


	<bean id="tilesConfigurer"
		class="org.springframework.web.servlet.view.tiles2.TilesConfigurer">
		<property name="definitions">
			<list>
				<value>/WEB-INF/layouts/default.xml</value>
			</list>
		</property>
	</bean>

	<mvc:resources location="/resources/images/*" mapping="images/*" />
	
</beans>
