<?xml version="1.0" encoding="UTF-8"?>
<beans xmlns="http://www.springframework.org/schema/beans"
	xmlns:xsi="http://www.w3.org/2001/XMLSchema-instance"
	xsi:schemaLocation="
        http://www.springframework.org/schema/beans http://www.springframework.org/schema/beans/spring-beans.xsd">

	<bean id="emp" class="com.springcoredemo2.Employee">
		<!-- objects are injected using setter methods -->
		<property name="dept" ref="department1" />
		<property name="org" ref="organization" />
	</bean>

	<bean id="department" class="com.springcoredemo2.Department">
		<property name="deptId" value="D100" />
		<property name="deptName" value="Finance dept" />
		<constructor-arg>
			<ref bean="headunit" />
		</constructor-arg>
	</bean>

	<bean id="department1" class="com.springcoredemo2.Department">
		<property name="deptId" value="D101" />
		<property name="deptName" value="IT dept" />
		<constructor-arg>
			<ref bean="headunit" />
		</constructor-arg>
	</bean>

	<bean id="organization" class="com.springcoredemo2.Organization" />

	<bean id="headunit" class="com.springcoredemo2.HeadUnit">
		<property name="unitName" value="abc head unit" />
	</bean>

</beans>